命令,命令标题,命令类型,命令格式,示例命令,示例响应,功能描述,备注,表数量,顺序,参数JSON
ATI,获取模组厂商信息,执行;查询,ATI,ATI,,"获取模组厂商信息，包括厂家、型号和版本。
命令格式",,1,1,"[{""name"": ""<manufacturer>"", ""desc"": ""模组厂商信息、产品名称、版本号"", ""valmap"": {}}, {""name"": ""<module_version>"", ""desc"": ""模组型号"", ""valmap"": {}}, {""name"": ""<soft_version>"", ""desc"": ""模组软件版本"", ""valmap"": {}}]"
AT+GMR,查询版本信息,执行;查询,AT+GMR,AT+GMR,,"查询软件版本信息。
命令格式",,1,2,"[{""name"": ""<reversion>"", ""desc"": ""模组软件版本信息"", ""valmap"": {}}]"
AT+CSQ,获取信号强度,执行;查询,AT+CSQ,AT+CSQ,,"查询接收信号强度<rssi>。
命令格式",,1,3,"[{""name"": ""<signal>"", ""desc"": ""以下为signal(CSQ)与rssi对应关系："", ""valmap"": {""0"": ""<4或99 | <-107 dBm or unknown"", ""1"": ""<10 | <-93dBm"", ""2"": ""<16 | <-81 dBm"", ""3"": ""<22 | <-69dBm"", ""4"": ""<28 | <-57dBm"", ""5"": "">=28 | >=-57 dBm""}}, {""name"": ""<ber>"", ""desc"": """", ""valmap"": {""99"": ""误码率无法测量""}}]"
AT+CREG,查询网络注册状态,执行;查询,AT+CREG,AT+CREG,,"查询模组的当前网络注册状态。
命令格式",,1,4,"[{""name"": ""<n>"", ""desc"": ""0：禁止网络注册主动提供结果代码（默认设置）\n1：允许网络注册主动提供结果代码\n2：允许网络注册主动提供所在地讯息（CELL ID、LOCAL ID）。"", ""valmap"": {""0"": ""禁止网络注册主动提供结果代码（默认设置）"", ""1"": ""允许网络注册主动提供结果代码"", ""2"": ""允许网络注册主动提供所在地讯息（CELL ID、LOCAL ID）。""}}, {""name"": ""<stat>"", ""desc"": ""0：未注册，终端当前并未在搜寻新的运营商\n1：已注册本地网络\n2：未注册，终端正在搜寻基站\n3：注册被拒绝\n4：未知代码\n5：已注册，处于漫游状态\n6：ltesms only home\n7：ltesms only roaming\n8：EMER SVCE ONLY\n9：CSFB NOT PREFER HOME\n10：CSFB NOT PREFER ROAMING"", ""valmap"": {""0"": ""未注册"", ""1"": ""已注册本地网络"", ""2"": ""未注册"", ""3"": ""注册被拒绝"", ""4"": ""未知代码"", ""5"": ""已注册"", ""6"": ""ltesms only home"", ""7"": ""ltesms only roaming"", ""8"": ""EMER SVCE ONLY"", ""9"": ""CSFB NOT PREFER HOME"", ""10"": ""CSFB NOT PREFER ROAMING""}}, {""name"": ""<lac>"", ""desc"": ""字符串型，2字节十六进制位置区代码"", ""valmap"": {}}, {""name"": ""<ci>"", ""desc"": ""字符串型，2字节十六进制小区编号"", ""valmap"": {}}, {""name"": ""<Act>"", ""desc"": ""0：GSM\n1：GSM compact\n2：UTRAN\n3：GSM w/EGPRS\n4：UTRAN w/HSDPA\n5：UTRAN w/HSUPA\n6：UTRAN w/HSDPA AND w/HSUPA\n7：E-UTRAN\n8：UTRAN w/HSPA+"", ""valmap"": {""0"": ""GSM"", ""1"": ""GSM compact"", ""2"": ""UTRAN"", ""3"": ""GSM w/EGPRS"", ""4"": ""UTRAN w/HSDPA"", ""5"": ""UTRAN w/HSUPA"", ""6"": ""UTRAN w/HSDPA AND w/HSUPA"", ""7"": ""E-UTRAN"", ""8"": ""UTRAN w/HSPA+""}}]"
AT+CEREG,获取EPS网络注册状态,执行;查询,AT+CEREG,AT+CEREG,,"查询EPS网络注册状态。
命令格式",,1,5,"[{""name"": ""<n>"", ""desc"": ""0：禁止网络注册主动提供结果代码（默认设置）\n1：允许网络注册主动提供结果代码\n2：允许网络注册主动提供所在地信息（CELL ID、LOCAL ID）\n4：允许网络注册主动提供Active-Time和Periodic-TAU"", ""valmap"": {""0"": ""禁止网络注册主动提供结果代码（默认设置）"", ""1"": ""允许网络注册主动提供结果代码"", ""2"": ""允许网络注册主动提供所在地信息（CELL ID、LOCAL ID）"", ""4"": ""允许网络注册主动提供Active-Time和Periodic-TAU""}}, {""name"": ""<stat>"", ""desc"": ""0：未注册，终端当前并未在搜寻新的运营商\n1：已注册本地网络\n2：未注册，终端正在搜寻基站\n3：注册被拒绝\n4：未知代码\n5：已注册，处于漫游状态"", ""valmap"": {""0"": ""未注册"", ""1"": ""已注册本地网络"", ""2"": ""未注册"", ""3"": ""注册被拒绝"", ""4"": ""未知代码"", ""5"": ""已注册""}}, {""name"": ""<tac>"", ""desc"": ""字符串型，2字节十六进制位置区代码"", ""valmap"": {}}, {""name"": ""<ci>"", ""desc"": ""字符串型，2字节十六进制小区编号"", ""valmap"": {}}, {""name"": ""<Act>"", ""desc"": ""0：GSM\n1：GSM compact\n2：UTRAN\n3：GSM w/EGPRS\n4：UTRAN w/HSDPA\n5：UTRAN w/HSUPA\n6：UTRAN w/HSDPA and HSUPA\n7：E-UTRAN"", ""valmap"": {""0"": ""GSM"", ""1"": ""GSM compact"", ""2"": ""UTRAN"", ""3"": ""GSM w/EGPRS"", ""4"": ""UTRAN w/HSDPA"", ""5"": ""UTRAN w/HSUPA"", ""6"": ""UTRAN w/HSDPA and HSUPA"", ""7"": ""E-UTRAN""}}]"
AT+COPS,网络选择,执行;查询,AT+COPS,AT+COPS,,"查询网络。
命令格式",,1,6,"[{""name"": ""<mode>"", ""desc"": ""用来设置自动选择网络还是手动选择网络。\n0：自动选择网络（忽略参数<oper>）\n1：手动选择网络\n2：从网络侧撤销注册\n3：只设置<format>\n4：先手动选择网络后自动选择网络（若手动选择网络不成功，就进入自动选择网络）"", ""valmap"": {""0"": ""自动选择网络（忽略参数<oper>）"", ""1"": ""手动选择网络"", ""2"": ""从网络侧撤销注册"", ""3"": ""只设置<format>"", ""4"": ""先手动选择网络后自动选择网络（若手动选择网络不成功""}}, {""name"": ""<format>"", ""desc"": ""0：长字母<oper>（默认设置）\n1：短格式字母<oper>\n2：数字<oper>"", ""valmap"": {""0"": ""长字母<oper>（默认设置）"", ""1"": ""短格式字母<oper>"", ""2"": ""数字<oper>""}}, {""name"": ""<oper>"", ""desc"": ""在<format>中被赋值，可以是16个符的长字母格式、8个符的短字母格式及5个符的数字格式（MCC/MNC）"", ""valmap"": {}}, {""name"": ""<AcT>"", ""desc"": ""显示无线接入技术，取值如下：\n0：GSM\n1：GSM compact\n3：GSM w/EGPRS\n7：E-UTRAN"", ""valmap"": {""取值如下"": """", ""0"": ""GSM"", ""1"": ""GSM compact"", ""3"": ""GSM w/EGPRS"", ""7"": ""E-UTRAN""}}]"
AT+CIMI,查询国际移动用户识别码,执行;查询,AT+CIMI,AT+CIMI,,"获取国际移动用户识别码IMSI（international mobile subscriber identification）。
命令格式",,1,7,"[{""name"": ""<IMSI>"", ""desc"": ""国际移动用户识别码。\n该识别码为15位数字，以3位MCC和2位MNC开头，用来对SIM卡进行鉴权。"", ""valmap"": {}}]"
AT+CGSN,获取通信模组IMEI号,执行;查询,AT+CGSN,AT+CGSN,,"获取模组的产品序列号，也就是IMEI号（International Mobile Equipment Identity）。
命令格式",,1,8,"[{""name"": ""<IMEI>"", ""desc"": ""模组的产品序列号。"", ""valmap"": {}}]"
AT+GSN,获取通信模组IMEI号,执行;查询,AT+GSN,AT+GSN,,"获取模组的产品序列号，也就是IMEI号（International Mobile Equipment Identity）。
命令格式",,1,9,"[{""name"": ""<IMEI>"", ""desc"": ""模组的产品序列号，为15位数字。"", ""valmap"": {}}]"
AT+CCID,获取SIM卡标识,执行;查询,AT+CCID,AT+CCID,,"获取SIM卡的ICCID。
命令格式",,1,10,"[{""name"": ""<ICCID>"", ""desc"": ""Integrate circuit card identity 集成电路卡识别码，即所插入卡的识别码\nICCID为20位。"", ""valmap"": {""Integrate"": ""circuit card identity 集成电路卡识别码""}}]"
AT+CGMM,查询模组型号,执行;查询,AT+CGMM,AT+CGMM,,"查询模组型号。
命令格式",,1,11,"[{""name"": ""<model>"", ""desc"": ""模组型号"", ""valmap"": {}}]"
AT+GMM,查询模组型号,执行;查询,AT+GMM,AT+GMM,,"查询模组型号。
命令格式",,1,12,"[{""name"": ""<model>"", ""desc"": ""模组型号。"", ""valmap"": {}}]"
AT+IPR,设置模组波特率,执行;查询,AT+IPR,AT+IPR,,"设置模组波特率，默认掉电保存。
若波特率查询返回为0，表示模组波特率自适应。默认为波特率自适应（备注：自适应波特率不超过115200）。
命令格式",,1,13,"[{""name"": ""<baud rate>"", ""desc"": ""波特率\n(0,1200,2400,4800,9600,14400,19200,28800,38400,57600,115200,256000,512000,921600)"", ""valmap"": {}}]"
AT+CFUN,设置模组功能,执行;查询,AT+CFUN,AT+CFUN,,"通过设置<fun>来选择模组的功能。<fun>只支持某些值。
设置该参数后，掉电不保存。
命令格式",,1,14,"[{""name"": ""<fun>"", ""desc"": ""0：最小功能（turn off radio and SIM power）\n1：全功能（默认）\n4：关闭模组的发送和接收射频电路（飞行模式）\n9：升级功能（可通过上位机工具升级版本）"", ""valmap"": {""0"": ""最小功能（turn off radio and SIM power）"", ""1"": ""全功能（默认）"", ""4"": ""关闭模组的发送和接收射频电路（飞行模式）"", ""9"": ""升级功能（可通过上位机工具升级版本）""}}, {""name"": ""<rst>"", ""desc"": ""0：do not reset the MT before setting it to <fun> power level\n1：reset the MT before setting it to <fun> power level"", ""valmap"": {""0"": ""do not reset the MT before setting it to <fun> power level"", ""1"": ""reset the MT before setting it to <fun> power level""}}]"
AT+CMUX,串口多路复用指令,执行;查询,AT+CMUX,AT+CMUX,,"启用通信模组串口多路复用功能。
基于一个物理通信串口，通过规范协议虚拟出两个甚至多个串口，一般虚拟三个串口，一个串口进行外部协议栈拨号上网，另外两个收发AT指令。建议使用AT+CMUX=0启用串口多路复用功能。
建议使用AT+CMUX=0启用串口多路复用功能。
命令格式",,1,15,"[{""name"": ""<mode>"", ""desc"": ""整数类型，MUX打开状态下的模式，本规范中至少需要支持基本模式\n0：基本模式（默认值）\n1：增强模式（目前不支持）"", ""valmap"": {""0"": ""基本模式（默认值）"", ""1"": ""增强模式（目前不支持）""}}, {""name"": ""<subset>"", ""desc"": ""整数类型，帧格式子集\n0：UIH frames used only（默认值）\n1：UI frames used only（目前不支持）\n2：目前不支持"", ""valmap"": {""0"": ""UIH frames used only（默认值）"", ""1"": ""UI frames used only（目前不支持）"", ""2"": ""目前不支持""}}, {""name"": ""<port_speed>"", ""desc"": ""整数类型，串口速率\n1：9600bit/s\n2：19200bit/s\n3：38400bit/s\n4：57600bit/s\n5：115200bit/s（默认值）\n6：230400bit/s\n7：目前不支持\n8：目前不支持"", ""valmap"": {""1"": ""9600bit/s"", ""2"": ""19200bit/s"", ""3"": ""38400bit/s"", ""4"": ""57600bit/s"", ""5"": ""115200bit/s（默认值）"", ""6"": ""230400bit/s"", ""7"": ""目前不支持"", ""8"": ""目前不支持""}}, {""name"": ""<N1>"", ""desc"": ""整数类型，最大帧长，1~32768；目前仅支持的设置范围为1~2048\n基本模式下默认值31\n增强模式下默认值64"", ""valmap"": {}}, {""name"": ""<T1>"", ""desc"": ""整数类型，接收确认定时器，1~255，1代表10ms，默认值为10（100ms）"", ""valmap"": {}}, {""name"": ""<N2>"", ""desc"": ""整数类型，最大重连次数，0~100，默认值为3，目前仅支持0~5"", ""valmap"": {}}, {""name"": ""<T2>"", ""desc"": ""整数类型，多路控制通道响应定时器，2~255，2代表20ms，默认值为30（300ms）"", ""valmap"": {}}, {""name"": ""<T3>"", ""desc"": ""整数类型，唤醒响应定时器，1~255，1代表1s，默认值为10（10s）\n（目前不支持该参数，读命令时返回0值）"", ""valmap"": {}}, {""name"": ""<k>"", ""desc"": ""整数类型，窗口大小，1~7，默认值为2，用于支持错误恢复的增强模式。\n（目前不支持该参数，读命令时返回0值）"", ""valmap"": {}}]"
AT+CCLK,时钟管理,执行;查询,AT+CCLK,AT+CCLK,,"设置和查询模组的实时时钟。
设置的时间立即生效，掉电保存；默认时钟为0时区，使用1/4时区。
命令格式",,1,16,"[{""name"": ""<time>"", ""desc"": ""字符串，格式为 “yy/MM/dd,hh:mm:ss[TZ]”，指示年、月、日、小时、分钟、秒"", ""valmap"": {""格式为"": ""“yy/MM/dd"", ""hh"": ""mm:ss[TZ]”""}}, {""name"": ""TZ"", ""desc"": ""2位数字表示当地时间与GMT之间时差。\n该信息可选，只有当网络支持时该信息才显示。当地时间为GMT时间时不显示。"", ""valmap"": {}}]"
AT+CPIN,输入PIN码,执行;查询,AT+CPIN,AT+CPIN,,"查询PIN状态以及输入PIN码。
若要输入PIN码，需锁定当前SIM卡（AT+CLCK=""SC"",1,""1234""）后，重启模组才能输入PIN码；输入三次错误的PIN码后，会要求输入PUK码才能解锁。
命令格式",,1,17,"[{""name"": ""<pin>, <newpin>"", ""desc"": ""字符串类型"", ""valmap"": {}}, {""name"": ""<code>"", ""desc"": ""READY：不需要输入任何密码\nNO SIM：未检测到卡\nSIM PIN：需要输入PIN码\nSIM PUK：需要输入PUK码\nSIM PIN2：需要输入PIN2码\nSIM PUK2：需要输入PUK2码"", ""valmap"": {""READY"": ""不需要输入任何密码"", ""NO SIM"": ""未检测到卡"", ""SIM PIN"": ""需要输入PIN码"", ""SIM PUK"": ""需要输入PUK码"", ""SIM PIN2"": ""需要输入PIN2码"", ""SIM PUK2"": ""需要输入PUK2码""}}]"
AT+CLCK,PIN使能与查询功能指令,执行;查询,AT+CLCK,AT+CLCK,,"锁、解锁以及查询MT和网络设备。设置该参数，重启模组后生效。
命令格式",,1,18,"[{""name"": ""<fac>"", ""desc"": ""需带双引号\""\""\n\""OI\""：呼出国际电话\n\""SC\""：SIM卡\n\""AO\""：呼出电话\n\""OX\""：除了归属地外所有呼出国际电话\n\""FD\""：SIM卡固定拨号空间"", ""valmap"": {""\""OI\"""": ""呼出国际电话"", ""\""SC\"""": ""SIM卡"", ""\""AO\"""": ""呼出电话"", ""\""OX\"""": ""除了归属地外所有呼出国际电话"", ""\""FD\"""": ""SIM卡固定拨号空间""}}, {""name"": ""<mode>"", ""desc"": ""0：解锁\n1：锁定\n2：查询状态"", ""valmap"": {""0"": ""解锁"", ""1"": ""锁定"", ""2"": ""查询状态""}}, {""name"": ""<status>"", ""desc"": ""0：not active\n1：active"", ""valmap"": {""0"": ""not active"", ""1"": ""active""}}, {""name"": ""<passwd>"", ""desc"": ""密码或操作码，字符串类型，需带双引号\""\"""", ""valmap"": {}}, {""name"": ""<classx>"", ""desc"": ""1：语音服务类型\n2：数据服务类型\n4：fax服务类型\n8：短消息\n16：同步数据业务\n32：异步数据业务\n64：专用包接入\n128：专用数据包装拆器接入"", ""valmap"": {""1"": ""语音服务类型"", ""2"": ""数据服务类型"", ""4"": ""fax服务类型"", ""8"": ""短消息"", ""16"": ""同步数据业务"", ""32"": ""异步数据业务"", ""64"": ""专用包接入"", ""128"": ""专用数据包装拆器接入""}}]"
AT+CPWD,修改密码指令,执行;查询,AT+CPWD,AT+CPWD,,"修改模组锁功能的密码。
若需修改PIN码，需锁定SIM卡（AT+CLCK=""SC"",1,""1234""）后才能修改。
命令格式",,1,19,"[{""name"": ""<fac>"", ""desc"": ""需带双引号\""\""\n\""P2\""：SIM PIN2\n\""SC\""：SIM卡"", ""valmap"": {""\""P2\"""": ""SIM PIN2"", ""\""SC\"""": ""SIM卡""}}, {""name"": ""<oldpwd>"", ""desc"": ""需带双引号\""\""，旧密码或操作码，字符串类型"", ""valmap"": {}}, {""name"": ""<newpwd>"", ""desc"": ""需带双引号\""\""，新密码或操作码，字符串类型"", ""valmap"": {}}]"
AT+CGDCONT,设置PDP格式,执行;查询,AT+CGDCONT,AT+CGDCONT,,"设置GPRS的PDP（Packet Data Protocol，分组数据协议）格式。APN允许设置的长度最长是50。
命令格式",,1,20,"[{""name"": ""<cid>"", ""desc"": ""(PDP Context Identifier)一个数字参数，指定一个PDP上下文定义，这个参数是当地的TE-MT接口并且被应用到其他PDP上下文相关的命令当中，使用查询命令可以查询到允许的值(最小值为1)。"", ""valmap"": {""(PDP"": ""Context Identifier)一个数字参数"", ""这个参数是当地的TE"": ""MT接口并且被应用到其他PDP上下文相关的命令当中""}}, {""name"": ""<PDP_type>"", ""desc"": ""(Packet Data Protocol type)字符串参数，用于指定分组数据协议的类型\n“IP”网络协议（Internet Protocol）（IETFSTD 5）"", ""valmap"": {""(Packet"": ""Data Protocol type)字符串参数"", ""“IP”网络协议（Internet"": ""Protocol）（IETFSTD 5）""}}, {""name"": ""<APN>"", ""desc"": ""(Access Point Name)字符串形式，是一个逻辑名称，用来选择GGSN或者外部分组数据网。"", ""valmap"": {""(Access"": ""Point Name)字符串形式""}}, {""name"": ""<PDP_address>"", ""desc"": ""字符串形式，用来在地址空间中区分MT。\n如果不写这个参数，则在PDP的启动过程当中由TE提供这个值。\n如果TE提供失败，就请求动态地址，即使在PDP的启动过程当中分配了地址，在使用这条指令查询的时候仍然会返回空。"", ""valmap"": {}}, {""name"": ""<d_comp>"", ""desc"": ""数字参数用来控制PDP数据压缩（仅适用于SNDCP）\n0 - off (缺省情况下默认值)"", ""valmap"": {""0"": ""off (缺省情况下默认值)""}}, {""name"": ""<h_comp>"", ""desc"": ""数字参数用来控制PDP头部压缩0 - off (缺省情况下默认值)"", ""valmap"": {""数字参数用来控制PDP头部压缩0"": ""off (缺省情况下默认值)""}}, {""name"": ""<pd1>, … <pdN>"", ""desc"": ""0到N，字符串类型，意义与<PDP_type>有关"", ""valmap"": {}}]"
AT+XGAUTH,用户认证,执行;查询,AT+XGAUTH,AT+XGAUTH,,"PDP认证。
该指令要放在AT+CGDCONT这条指令后面。目前在专网中各个地方逐渐增加了用户身份认证需求，使用内部协议栈，需要使用到这条指令，因此，请在代码流程上加上这条指令。
联通卡默认用户名和密码是“card”和“card”。
<cid>对应+CGDCONT中的<cid>。
<name>和<pwd>允许设置的最大字符串长度都是50
命令格式",,1,21,"[{""name"": ""<cid>"", ""desc"": ""(PDP Context Identifier)一个数字参数，指定一个PDP上下文定义\n<cid>对应+CGDCONT中的<cid>。"", ""valmap"": {""(PDP"": ""Context Identifier)一个数字参数""}}, {""name"": ""<auth>"", ""desc"": ""鉴权类型，默认为1\n0：NONE\n1：PAP\n2：CHAP\n鉴权类型为非NONE时，需带<name>和<pwd>参数"", ""valmap"": {""0"": ""NONE"", ""1"": ""PAP"", ""2"": ""CHAP""}}, {""name"": ""<name>"", ""desc"": ""用户名"", ""valmap"": {}}, {""name"": ""<pwd>"", ""desc"": ""密码"", ""valmap"": {}}]"
AT+CGATT,设置GPRS附着和分离,执行;查询,AT+CGATT,AT+CGATT,,"该指令用来查询、设置GPRS附着和分离。掉电不保存。
模组默认情况下，会主动进行GPRS附着。
进行PPP连接之前要确保GPRS是处于附着状态，AT流程增加查询指令AT+CGATT?：
如果返回值是1，则可以直接进行PPP连接；
如果返回值是0，则需进行手动附着，即AT+CGATT=1。
命令格式",,1,22,"[{""name"": ""<state>"", ""desc"": ""取值范围（0,1）\n0：表示分离\n1：表示附着"", ""valmap"": {""0"": ""表示分离"", ""1"": ""表示附着""}}]"
ATE1,/ATE0：打开&关闭回显,执行;查询,ATE1,ATE1,,"打开（或关闭）模组AT指令回显功能。
该模组默认回显功能为打开状态。
该指令设置后掉电不保存。
命令格式",,1,23,"[{""name"": ""<value>"", ""desc"": ""回显开关\n0 关闭回显（默认）\n1 打开回显"", ""valmap"": {""0"": ""关闭回显（默认）"", ""1"": ""打开回显""}}]"
ATD,*99#：GPRS,执行;查询,ATD,ATD,,"使用外部协议栈，进行GPRS拨号连接。
进行拨号之前一定要确保CREG已经注册成功，并且设置了APN。
命令格式",,0,24,[]
AT+CESQ,扩展信号强度,执行;查询,AT+CESQ,AT+CESQ,,查询扩展信号强度。,,1,25,"[{""name"": ""<rxlev>"", ""desc"": ""信号接收功率"", ""valmap"": {}}, {""name"": ""<ber>"", ""desc"": ""误码率"", ""valmap"": {}}, {""name"": ""<ecno>"", ""desc"": ""下行载波干扰比率"", ""valmap"": {}}, {""name"": ""<rsrq>"", ""desc"": ""参考信号质量"", ""valmap"": {}}, {""name"": ""<rsrp>"", ""desc"": ""参考信号接收功率"", ""valmap"": {}}]"
AT+NWDNS,域名解析,执行;查询,AT+NWDNS,AT+NWDNS,,"内置协议栈拨号后，查询DNS解析结果。
先使用AT+XIIC命令拨号成功后，才能执行该命令。
域名填入不校验正确性，需保证填入内容的正确性。
命令格式",,1,26,"[{""name"": ""<hostname>"", ""desc"": ""字符串，域名，可不带双引号，最大长度128"", ""valmap"": {}}, {""name"": ""<IP>"", ""desc"": ""字符串，IP地址"", ""valmap"": {}}, {""name"": ""<Sign>"", ""desc"": ""字符串，IP类型，IPV4，IPV6"", ""valmap"": {}}]"
AT+NWENPWRSAVE,休眠（Sleep）设置,执行;查询,AT+NWENPWRSAVE,AT+NWENPWRSAVE,,"设置是否允许模组进入休眠（Sleep）模式。该命令设置掉电不保存。
模组DTR信号默认为低电平：
发送允许进入休眠模式指令之后，且模组DTR信号为低（或高）电平，模组内部各个部分的电路都允许进入休眠状态模组才能进入休眠。
命令格式",,1,27,"[{""name"": ""<n>"", ""desc"": ""0：不允许进入休眠模式（默认）\n1：允许进入休眠模式（DTR信号低电平进入休眠，高电平退出休眠）\n2：允许进入休眠模式（DTR信号高电平进入休眠，低电平退出休眠）"", ""valmap"": {""0"": ""不允许进入休眠模式（默认）"", ""1"": ""允许进入休眠模式（DTR信号低电平进入休眠"", ""2"": ""允许进入休眠模式（DTR信号高电平进入休眠""}}, {""name"": ""<usb>"", ""desc"": ""0：不允许USB远程休眠唤醒（缺省）\n1：使能USB远程休眠唤醒（USB主机挂起USB总线模组才能进入休眠，USB主机恢复USB总线会唤醒模组，有网络下行事件（数据、短信、电话）时模组会通过USB总线唤醒USB主机）"", ""valmap"": {""0"": ""不允许USB远程休眠唤醒（缺省）"", ""1"": ""使能USB远程休眠唤醒（USB主机挂起USB总线模组才能进入休眠""}}]"
AT+NWPWROFF,模组关机指令,执行;查询,AT+NWPWROFF,AT+NWPWROFF,,"模组关机指令。发送 AT+NWPWROFF 之前，需悬空或拉高模组 POWERKEY 管脚电平。返回 OK 后，若需重新开机，可拉低 POWERKEY 管脚电平。
命令格式",,1,28,"[{""name"": ""<n>"", ""desc"": ""关机选项，数值形式，取值如下：\n0：快速关机\n1：正常流程关机"", ""valmap"": {""取值如下"": """", ""0"": ""快速关机"", ""1"": ""正常流程关机""}}]"
AT+NWRFTEST,模组强发强收指令（仅可用于测试）,执行;查询,AT+NWRFTEST,AT+NWRFTEST,,"用于在测试模式下验证模组强发强收功能, 只能测试每个频段的中心频点的发射功率和接收功率精度。由于平台限制，强收强发测试精度均有一些误差。
强发测试只能验证最大发射功率23db和10db，其他值无法验证。
命令格式",,1,29,"[{""name"": ""<rftest_mode>"", ""desc"": ""0：退出强发强收测试模式\n1：进入强发强收测试模式"", ""valmap"": {""0"": ""退出强发强收测试模式"", ""1"": ""进入强发强收测试模式""}}, {""name"": ""<rat>"", ""desc"": ""1：LTE 当前仅支持rat为LTE 的测试"", ""valmap"": {""1"": ""LTE 当前仅支持rat为LTE 的测试""}}, {""name"": ""<band>"", ""desc"": ""频段指示\n1：LTE band 1\n2：LTE band 2"", ""valmap"": {""1"": ""LTE band 1"", ""2"": ""LTE band 2""}}, {""name"": ""<bw>"", ""desc"": ""带宽，平台限制，当前仅支持bw传入为0"", ""valmap"": {}}, {""name"": ""<channel>"", ""desc"": ""频点信息（平台限制，当前仅支持每个频段的中心频点，默认值0 即表示中心频点），各频段中心频点信息如下：\nLTE Band 1：上行频点18300   下行频点300\nLTE Band 2：上行频点18900下行频点900\nLTE Band 3：上行频点19500下行频点1575\nLTE Band 4：上行频点20175下行频点2175\nLTE Band 5：上行频点20525下行频点2525\nLTE Band 6：上行频点20700下行频点2700\nLTE Band 7：上行频点21100下行频点3100\nLTE Band 8：上行频点12625下行频点3625\nLTE Band 20：上行频点24300下行频点6300\nLTE Band 28：上行频点27435下行频点9435\nLTE Band 34：上行频点36275下行频点36275\nLTE Band 38：上行频点38000下行频点38000\nLTE Band 39：上行频点38450下行频点38450\nLTE Band 40：上行频点39150下行频点39150\nLTE Band 41：上行频点40620下行频点40620\nLTE Band 66：上行频点59250下行频点59350"", ""valmap"": {""默认值0"": ""即表示中心频点）"", ""各频段中心频点信息如下"": """", ""LTE Band 1"": ""上行频点18300   下行频点300"", ""LTE Band 2"": ""上行频点18900下行频点900"", ""LTE Band 3"": ""上行频点19500下行频点1575"", ""LTE Band 4"": ""上行频点20175下行频点2175"", ""LTE Band 5"": ""上行频点20525下行频点2525"", ""LTE Band 6"": ""上行频点20700下行频点2700"", ""LTE Band 7"": ""上行频点21100下行频点3100"", ""LTE Band 8"": ""上行频点12625下行频点3625"", ""LTE Band 20"": ""上行频点24300下行频点6300"", ""LTE Band 28"": ""上行频点27435下行频点9435"", ""LTE Band 34"": ""上行频点36275下行频点36275"", ""LTE Band 38"": ""上行频点38000下行频点38000"", ""LTE Band 39"": ""上行频点38450下行频点38450"", ""LTE Band 40"": ""上行频点39150下行频点39150"", ""LTE Band 41"": ""上行频点40620下行频点40620"", ""LTE Band 66"": ""上行频点59250下行频点59350""}}, {""name"": ""<chain_idx>"", ""desc"": ""不适用，直接填入默认值0"", ""valmap"": {}}, {""name"": ""<expected_rxagc>"", ""desc"": ""预期接收功率，为负值"", ""valmap"": {}}, {""name"": ""<tx_enable>,"", ""desc"": ""强发测试设置为1，强收测试设置为0"", ""valmap"": {}}, {""name"": ""<tx_power>"", ""desc"": ""发射功率，平台限制，当前仅支持传入23和10，分别表示最大发射功率23db和发射功率10db"", ""valmap"": {}}, {""name"": ""<lte_start_rb>"", ""desc"": ""不适用，直接填入默认值0"", ""valmap"": {}}, {""name"": ""<lte_num_rb>"", ""desc"": ""不适用，直接填入默认值0"", ""valmap"": {}}, {""name"": ""<waveform>"", ""desc"": ""不适用，直接填入默认值0"", ""valmap"": {}}]"
AT+NSTGETRSSI,获取强收模式下模组的接收功率（仅可用于测试）,执行;查询,AT+NSTGETRSSI,AT+NSTGETRSSI,,"用于在测试模式下验证模组的接收功率，强收测试精度会有一些误差。
命令格式",,1,30,"[{""name"": ""<value>"", ""desc"": ""接收功率"", ""valmap"": {}}]"
AT+CSMS,选择短信服务,执行;查询,AT+CSMS,AT+CSMS,,"用于支持的短消息包括：发送（SMS-MO）、接收（SMS-MT）、小区广播（SMS-CB）。
命令格式",,1,31,"[{""name"": ""<service>"", ""desc"": ""0：GSM03.40 and GSM03.41；SMS相关AT指令支持 GSM07.05 Phase 2\n1：GSM03.40 and GSM03.41；SMS相关AT指令支持 GSM07.05 Phase 2+"", ""valmap"": {""0"": ""GSM03.40 and GSM03.41"", ""SMS相关AT指令支持"": ""GSM07.05 Phase 2+"", ""1"": ""GSM03.40 and GSM03.41""}}, {""name"": ""<mt>,<mo>,<bm>"", ""desc"": ""0：不支持\n1：支持"", ""valmap"": {""0"": ""不支持"", ""1"": ""支持""}}]"
AT+CPMS,首选短信存储器,执行;查询,AT+CPMS,AT+CPMS,,"用于首选短信存储器。
命令格式",,1,32,"[{""name"": ""<mem1>\n<mem2>\n<mem3>\n\""SM\""：\n\""ME\""：\n\""MT\""："", ""desc"": ""读取和删除 SMS 时使用的存储器,字符串类型\n存储和发送 SMS 时使用的存储器\n若没有建立到 TE 的路由，则将接收的 SMS 存储在该存储器内\nSIM 卡 SMS 存储器\nME SMS 存储器\nSIM 卡和 ME SMS 存储器"", ""valmap"": {""读取和删除"": ""SMS 时使用的存储器"", ""存储和发送"": ""SMS 时使用的存储器"", ""若没有建立到"": ""TE 的路由"", ""则将接收的"": ""SMS 存储在该存储器内"", ""SIM"": ""卡和 ME SMS 存储器"", ""ME"": ""SMS 存储器""}}, {""name"": ""<mem1>"", ""desc"": ""字符串类型, 例如：\""SM\"", \""ME\""\n\""SM\""：SIM only\n\""ME\""：ME only"", ""valmap"": {""例如"": ""\""SM\"""", ""\""SM\"""": ""SIM only"", ""\""ME\"""": ""ME only""}}, {""name"": ""<used>"", ""desc"": ""已使用数目。"", ""valmap"": {}}, {""name"": ""<total>"", ""desc"": ""存储器总容量数目。"", ""valmap"": {}}]"
AT+CMGF,设置短消息模式,执行;查询,AT+CMGF,AT+CMGF,,"设置短信的输入模式。
命令格式",,1,33,"[{""name"": ""<mode>"", ""desc"": ""0：PDU模式(默认)\n1：文本模式"", ""valmap"": {""0"": ""PDU模式(默认)"", ""1"": ""文本模式""}}]"
AT+CSCS,设置TE字符集,执行;查询,AT+CSCS,AT+CSCS,,"设置TE字符集格式。
命令格式",,1,34,"[{""name"": ""<chset>"", ""desc"": ""\""GSM\""：GSM默认字母表（GSM03.38.6.2.1）\n\""IRA\""：国际参考字母表(international reference alphabet)(ITU-T T.50)\n\""UCS2\""：16-bit universal multiple-octet coded character set (USO/IEC10646)。UCS2字符串被转换成一个十六进制数（0x0000～0xFFFF），只有在相应语句中的字符串才用UCS2编码，其余的命令和响应仍旧是IRA字母表格式的。\n\""PCCP936\""：等同GBK编码格式\n\""IRA\""：国际参考字母表(international reference alphabet)(ITU-T T.50)\n\""UTF-8\""：针对Unicode的一种可变长度字符编码"", ""valmap"": {""\""GSM\"""": ""GSM默认字母表（GSM03.38.6.2.1）"", ""\""IRA\"""": ""国际参考字母表(international reference alphabet)(ITU-T T.50)"", ""\""UCS2\"""": ""16-bit universal multiple-octet coded character set (USO/IEC10646)。UCS2字符串被转换成一个十六进制数（0x0000～0xFFFF）"", ""\""PCCP936\"""": ""等同GBK编码格式"", ""\""UTF-8\"""": ""针对Unicode的一种可变长度字符编码""}}]"
AT+CNMI,设置短信指示格式,执行;查询,AT+CNMI,AT+CNMI,,"设置模组从网络接收到短信息后如何通知用户。
命令格式",,1,35,"[{""name"": ""<mode>"", ""desc"": ""设置收到短信后向用户发送的指示方式。\n0：短信指示代码在模组中缓存,如果TA已满，代码可存贮在其它地方或者将最旧的代码丢弃，并用最新接收到的代码去替代。\n1：当On-line State时，舍弃保存的短信指示代码并拒绝新的指示代码，其它情况下，直接将代码显示在终端设备上。\n2：当模组在On-line State时，短信指示代码在模组中缓存，当连接释放后，将短信指示代码通过串口输出，在其他state下，直接将代码显示在终端设备上。\n3：当模组在On-line State时，短信指示代码和其它数据一起传输，代码显示在终端设备上。"", ""valmap"": {""0"": ""短信指示代码在模组中缓存"", ""1"": ""当On-line State时"", ""2"": ""当模组在On-line State时"", ""3"": ""当模组在On-line State时""}}, {""name"": ""<mt>"", ""desc"": ""设置新短信指示代码的格式，默认值为0\n0：不向终端发送新短信指示代码。\n1：新短信指示代码格式为+CMTI: \""MT\"",<index>，短信内容存贮而不直接显示。\n2：新短信指示代码格式为+CMT: <oa>,<scts>,<tooa>,<lang>,<encod>,<priority>\n[,<cbn>],<length><CR><LF><CR><LF><data>(文本模式)，短信内容直接显示而不存贮。\n3：使用<mt>=2所定义的主动上报代码直接将短信指示代码传送到终端设备，其它模式的信息指示代码和<mt>=1相同。"", ""valmap"": {""0"": ""不向终端发送新短信指示代码。"", ""1"": ""新短信指示代码格式为+CMTI: \""MT\"""", ""2"": ""新短信指示代码格式为+CMT: <oa>"", ""3"": ""使用<mt>=2所定义的主动上报代码直接将短信指示代码传送到终端设备""}}, {""name"": ""<bm>"", ""desc"": ""设置新小区广播指示代码的格式，默认值为1。\n0：不发送新小区广播的指示信息，小区广播也不会存贮\n2：新小区广播指示代码格式为+CBM: <oa>,[<alpha>,]<scts>[,<tooa>,<length>]\n<CR><LF><data>(文本模式),小区广播内容直接显示而不存贮。"", ""valmap"": {""0"": ""不发送新小区广播的指示信息"", ""2"": ""新小区广播指示代码格式为+CBM: <oa>""}}, {""name"": ""<ds>"", ""desc"": ""短信发送的状态报告，默认值为1。\n0：无短信发送状态报告\n1：短信发送状态报告代码格式为+CDS: <fo>,<mr>,[<ra>],[<tora>],<scts>,\n<dt>,<st>(文本模式)"", ""valmap"": {""0"": ""无短信发送状态报告"", ""1"": ""短信发送状态报告代码格式为+CDS: <fo>""}}, {""name"": ""<bfr>"", ""desc"": ""默认值为 0。\n0：当<mode>设为1、2时，存贮在TA中的该指令定义的代码将会被发送到TE，模组在传送代码之前，会先返回\""OK\""。\n1：当<mode>设为1、2时，存贮在TA中的该指令定义的代码将会被清除。"", ""valmap"": {""默认值为"": ""0。"", ""0"": ""当<mode>设为1、2时"", ""1"": ""当<mode>设为1、2时""}}]"
AT+CMGR,读短消息,执行;查询,AT+CMGR,AT+CMGR,,"读取当前存储器中的短消息（需预先通过AT+CPMS指令设定当前存储器）。
如果接收到的短信状态是未读的，执行该指令后，短信存储状态就变成已读。
命令格式",,1,36,"[{""name"": ""<index>"", ""desc"": ""短信在<mem1>的索引号，CMGR读取的是<mem1>的短信"", ""valmap"": {}}, {""name"": ""<stat>"", ""desc"": ""TEXT mode\n“REC UNREAD”已接收未读取的消息\n“REC READ”已接收已读取的消息\n“STO UNSENT”已存储未发送的消息\n“STO SENT”已存储已发送的消息\nPDU mode\n0 已接收未读取的消息\n1 已接收已读取的消息\n2 已存储未发送的消息\n3 已存储已发送的消息"", ""valmap"": {""TEXT"": ""mode"", ""“REC"": ""READ”已接收已读取的消息"", ""“STO"": ""SENT”已存储已发送的消息"", ""PDU"": ""mode"", ""0"": ""已接收未读取的消息"", ""1"": ""已接收已读取的消息"", ""2"": ""已存储未发送的消息"", ""3"": ""已存储已发送的消息""}}, {""name"": ""<alpha>"", ""desc"": ""以字符型的数字来表示。"", ""valmap"": {}}, {""name"": ""<length>"", ""desc"": ""给定的TP层数据单元的八位位组代码数目（不包含服务中心地址的八位位组）。"", ""valmap"": {}}, {""name"": ""<pdu>"", ""desc"": ""PDU数据。"", ""valmap"": {}}]"
AT+CMGL,短信列表,执行;查询,AT+CMGL,AT+CMGL,,"读取某一类存储的短信，短信会被从+CPMS 指令选取的当前的存储器中读出来。
命令格式",,1,37,"[{""name"": ""<stat>"", ""desc"": ""字符串类型或者数字类型\n当设置AT+CMGF=1时：\n\""REC UNREAD\""：接收到的未读的短信\n\""REC READ\""：接收到的已读的短信\n\""STO UNSENT\""：存储的未发送的短信\n\""STO SENT\""：存储的已发送的短信\n\""ALL\""：所有短信\n当设置AT+CMGF=0时：\n0：接收到的未读的短信\n1：接收到的已读的短信\n2：存储的未发送的短信\n3：存储的已发送的短信\n4：所有短信"", ""valmap"": {""当设置AT+CMGF=1时"": """", ""\""REC UNREAD\"""": ""接收到的未读的短信"", ""\""REC READ\"""": ""接收到的已读的短信"", ""\""STO UNSENT\"""": ""存储的未发送的短信"", ""\""STO SENT\"""": ""存储的已发送的短信"", ""\""ALL\"""": ""所有短信"", ""当设置AT+CMGF=0时"": """", ""0"": ""接收到的未读的短信"", ""1"": ""接收到的已读的短信"", ""2"": ""存储的未发送的短信"", ""3"": ""存储的已发送的短信"", ""4"": ""所有短信""}}]"
AT+CMGS,发送短消息,执行;查询,AT+CMGS,AT+CMGS,,"将短消息从模组发送到网络，短消息发送成功后网络返回参考值<mr>给模组。
命令格式",,1,38,"[{""name"": ""<da>"", ""desc"": ""文本模式下短信发送目的号码"", ""valmap"": {}}, {""name"": ""<text>"", ""desc"": ""文本模式下短信内容"", ""valmap"": {}}, {""name"": ""<length>"", ""desc"": ""PDU模式下短信内容的字节长度"", ""valmap"": {}}, {""name"": ""<mr>"", ""desc"": ""存储位置"", ""valmap"": {}}, {""name"": ""<CR>"", ""desc"": ""结束符"", ""valmap"": {}}, {""name"": ""<Ctrl+Z>"", ""desc"": ""表示输入消息体的结束，即示例中的符号“”"", ""valmap"": {}}, {""name"": ""<ESC>"", ""desc"": ""表示放弃输入消息体"", ""valmap"": {}}, {""name"": ""<scts>"", ""desc"": ""服务中心时间戳"", ""valmap"": {}}, {""name"": ""<ackpdu>"", ""desc"": ""GPP 23.040 RP-User-Data element of RP-ACK PDU"", ""valmap"": {""GPP"": ""23.040 RP-User-Data element of RP-ACK PDU""}}]"
AT+CMGW,写短消息,执行;查询,AT+CMGW,AT+CMGW,,"往存储器中写入短消息，正确存储后返回位置信息<index>。
命令格式",,1,39,"[{""name"": ""<da>"", ""desc"": ""文本模式下短信发送目的号码"", ""valmap"": {}}, {""name"": ""<text>"", ""desc"": ""文本模式下短信内容"", ""valmap"": {}}, {""name"": ""<length>"", ""desc"": ""PDU模式下短信内容的字节长度"", ""valmap"": {}}, {""name"": ""<index>"", ""desc"": ""位置信息"", ""valmap"": {}}, {""name"": ""<CR>"", ""desc"": ""结束符"", ""valmap"": {}}, {""name"": ""<Ctrl+Z>"", ""desc"": ""表示输入消息体的结束，即示例中的符号“”"", ""valmap"": {}}, {""name"": ""<ESC>"", ""desc"": ""表示放弃输入消息体"", ""valmap"": {}}]"
AT+CMSS,发送已保存的短消息,执行;查询,AT+CMSS,AT+CMSS,,"发送存储器中<index>指定位置的短消息（SMS-SUBMIT），短消息发送成功后网络返回参考值<mr>给终端。
命令格式",,1,40,"[{""name"": ""<index>"", ""desc"": ""存储器中短信序号"", ""valmap"": {}}, {""name"": ""<da>"", ""desc"": ""文本模式下短信发送目的号码"", ""valmap"": {}}, {""name"": ""<toda>"", ""desc"": ""type of address"", ""valmap"": {""type"": ""of address""}}, {""name"": ""<mr>"", ""desc"": ""存储位置"", ""valmap"": {}}, {""name"": ""<scts>"", ""desc"": ""服务中心时间戳"", ""valmap"": {}}, {""name"": ""<ackpdu>"", ""desc"": ""3GPP 23.040 RP-User-Data element of RP-ACK PDU"", ""valmap"": {""3GPP"": ""23.040 RP-User-Data element of RP-ACK PDU""}}]"
AT+CMGD,删除短消息,执行;查询,AT+CMGD,AT+CMGD,,"从当前存储器中删除短消息。
命令格式",,1,41,"[{""name"": ""<index>"", ""desc"": ""存贮的短消息的记录号"", ""valmap"": {}}, {""name"": ""<delflag>"", ""desc"": ""整型值\n0：删除指定记录号的短信\n1：删除所有已读短信\n2：删除所有已读和已发送的短信\n3：删除所有已读、已发送和未发送的短信\n4：删除所有短信"", ""valmap"": {""0"": ""删除指定记录号的短信"", ""1"": ""删除所有已读短信"", ""2"": ""删除所有已读和已发送的短信"", ""3"": ""删除所有已读、已发送和未发送的短信"", ""4"": ""删除所有短信""}}]"
AT+CSCA,短信中心号码,执行;查询,AT+CSCA,AT+CSCA,,"设置短信中心号码。CDMA模式下，不支持这条指令。
命令格式",,1,42,"[{""name"": ""<sca>"", ""desc"": ""短信中心号码，字符串类型。"", ""valmap"": {}}, {""name"": ""<tosca>"", ""desc"": ""短信中心号码格式。129表示普通号码类型，145表示国际号码类型"", ""valmap"": {}}]"
AT+CSMP,设置文本模式参数,执行;查询,AT+CSMP,AT+CSMP,,"文本模式下，选择需要的附加参数取值；设置从SMSC接收到该消息时算起的有效期或定义有效期终止的绝对时间。
命令格式",,1,43,"[{""name"": ""<fo>"", ""desc"": ""<fo>：取决于该命令或结果码：GSM 03.40 SMS-DELIVER的前8位；\nSMS-SUBMIT(缺省值：17)；或采用整数型的SMS-COMMAND（缺省值：2）"", ""valmap"": {""<fo>"": ""取决于该命令或结果码：GSM 03.40 SMS-DELIVER的前8位"", ""SMS-SUBMIT(缺省值"": ""17)"", ""或采用整数型的SMS-COMMAND（缺省值"": ""2）""}}, {""name"": ""<vp>"", ""desc"": """", ""valmap"": {""0-143"": ""(vp+1)*5mins，最大为12小时"", ""144-167"": ""12hours +((vp–143)*30mins)，最大为24小时"", ""168-196"": ""(vp–166)*1day"", ""197-255"": ""(vp–192)*1week""}}, {""name"": ""<pid>"", ""desc"": ""整数型的TP-协议-标识（缺省值：0）"", ""valmap"": {""整数型的TP-协议-标识（缺省值"": ""0）""}}, {""name"": ""<dcs>"", ""desc"": ""整数型的小区广播数据编码方案（缺省值：0）"", ""valmap"": {""整数型的小区广播数据编码方案（缺省值"": ""0）""}}]"
AT+CSDH,显示文本模式参数,执行;查询,AT+CSDH,AT+CSDH,,"设置是否在文本模式下的结果码中显示详细的头信息。该指令在短信文本模式下有效，需发送AT+CMGF=1设置成文本模式。
命令格式",,1,44,"[{""name"": ""<show>"", ""desc"": ""0：不显示（默认值）\n1：显示"", ""valmap"": {""0"": ""不显示（默认值）"", ""1"": ""显示""}}]"
